pair_id,product_id_a,product_id_b,label_match,negative_type,score
pair_0013,pa_0013,pb_0013,0,ocr_marketing_noise,1.0498454570770264
pair_0017,pa_0017,pb_0017,0,ocr_marketing_noise,1.0484747886657715
pair_0071,pa_0071,pb_0071,0,ocr_marketing_noise,1.0386240482330322
pair_0008,pa_0008,pb_0008,0,ocr_marketing_noise,1.0350358486175537
pair_0064,pa_0064,pb_0064,0,ocr_marketing_noise,1.0331624746322632
pair_0062,pa_0062,pb_0062,0,ocr_marketing_noise,1.0313796997070312
pair_0063,pa_0063,pb_0063,0,ocr_marketing_noise,1.0287230014801025
pair_0002,pa_0002,pb_0002,0,ocr_marketing_noise,1.0255733728408813
pair_0066,pa_0066,pb_0066,0,ocr_marketing_noise,1.020728349685669
pair_0068,pa_0068,pb_0068,0,ocr_marketing_noise,1.0206730365753174
pair_0025,pa_0025,pb_0025,0,ocr_marketing_noise,1.020125150680542
pair_0069,pa_0069,pb_0069,0,ocr_marketing_noise,1.0185811519622803
pair_0046,pa_0046,pb_0046,0,ocr_marketing_noise,1.0182900428771973
pair_0054,pa_0054,pb_0054,0,ocr_marketing_noise,1.0168368816375732
pair_0037,pa_0037,pb_0037,0,ocr_marketing_noise,1.0165073871612549
pair_0078,pa_0078,pb_0078,0,ocr_marketing_noise,1.0144342184066772
pair_0045,pa_0045,pb_0045,0,ocr_marketing_noise,1.010295033454895
pair_0047,pa_0047,pb_0047,0,ocr_marketing_noise,0.992975115776062
pair_0042,pa_0042,pb_0042,0,random,0.7844854593276978
pair_0038,pa_0038,pb_0038,0,title_sim_image_diff,0.7657996416091919
pair_0059,pa_0059,pb_0059,0,title_sim_image_diff,0.7606493234634399
pair_0024,pa_0024,pb_0024,0,title_sim_image_diff,0.7492852210998535
pair_0035,pa_0035,pb_0035,0,title_sim_image_diff,0.7341825366020203
pair_0055,pa_0055,pb_0055,0,same_category_diff_style,0.7278748750686646
pair_0004,pa_0004,pb_0004,0,title_sim_image_diff,0.7262314558029175
pair_0001,pa_0001,pb_0001,1,random,0.7243152856826782
pair_0049,pa_0049,pb_0049,0,title_sim_image_diff,0.7219569683074951
pair_0050,pa_0050,pb_0050,0,same_category_diff_style,0.7205075025558472
pair_0003,pa_0003,pb_0003,0,same_category_diff_style,0.7195702791213989
pair_0070,pa_0070,pb_0070,0,title_sim_image_diff,0.7194180488586426
pair_0033,pa_0033,pb_0033,0,random,0.7171944379806519
pair_0072,pa_0072,pb_0072,0,random,0.7145870923995972
pair_0015,pa_0015,pb_0015,0,random,0.7118512392044067
pair_0077,pa_0077,pb_0077,0,same_category_diff_style,0.7043222188949585
pair_0019,pa_0019,pb_0019,0,same_category_diff_style,0.7033644318580627
pair_0029,pa_0029,pb_0029,0,random,0.7028598785400391
pair_0048,pa_0048,pb_0048,0,title_sim_image_diff,0.7011599540710449
pair_0007,pa_0007,pb_0007,0,random,0.6999471187591553
pair_0010,pa_0010,pb_0010,0,same_category_diff_style,0.6999324560165405
pair_0027,pa_0027,pb_0027,0,title_sim_image_diff,0.6977522373199463
pair_0014,pa_0014,pb_0014,0,random,0.697330892086029
pair_0011,pa_0011,pb_0011,0,same_category_diff_style,0.6954768896102905
pair_0005,pa_0005,pb_0005,0,same_category_diff_style,0.6876859664916992
pair_0034,pa_0034,pb_0034,0,same_category_diff_style,0.6854926347732544
pair_0053,pa_0053,pb_0053,0,random,0.684050440788269
pair_0009,pa_0009,pb_0009,0,same_category_diff_style,0.681614875793457
pair_0040,pa_0040,pb_0040,0,same_category_diff_style,0.679218053817749
pair_0036,pa_0036,pb_0036,0,same_category_diff_style,0.674850583076477
pair_0076,pa_0076,pb_0076,1,random,0.6744283437728882
pair_0060,pa_0060,pb_0060,0,same_category_diff_style,0.6709216237068176
pair_0051,pa_0051,pb_0051,0,title_sim_image_diff,0.6669906377792358
pair_0030,pa_0030,pb_0030,0,title_sim_image_diff,0.6667773723602295
pair_0058,pa_0058,pb_0058,0,random,0.6666059494018555
pair_0022,pa_0022,pb_0022,1,random,0.6617846488952637
pair_0021,pa_0021,pb_0021,0,title_sim_image_diff,0.655163049697876
pair_0016,pa_0016,pb_0016,0,title_sim_image_diff,0.652601957321167
pair_0006,pa_0006,pb_0006,0,title_sim_image_diff,0.6515413522720337
pair_0044,pa_0044,pb_0044,0,title_sim_image_diff,0.6445059776306152
pair_0041,pa_0041,pb_0041,0,same_category_diff_style,0.5751425623893738
pair_0043,pa_0043,pb_0043,0,same_image_sku_conflict,0.44162482023239136
pair_0018,pa_0018,pb_0018,0,same_image_sku_conflict,0.3914175033569336
pair_0079,pa_0079,pb_0079,0,same_image_sku_conflict,0.3855680823326111
pair_0065,pa_0065,pb_0065,0,same_image_sku_conflict,0.38072967529296875
pair_0056,pa_0056,pb_0056,0,same_image_sku_conflict,0.37610888481140137
pair_0075,pa_0075,pb_0075,0,same_image_sku_conflict,0.36898717284202576
pair_0000,pa_0000,pb_0000,0,same_image_sku_conflict,0.368449866771698
pair_0028,pa_0028,pb_0028,0,same_image_sku_conflict,0.3673734664916992
pair_0052,pa_0052,pb_0052,0,same_image_sku_conflict,0.3607358932495117
pair_0020,pa_0020,pb_0020,0,same_image_sku_conflict,0.3596491813659668
pair_0057,pa_0057,pb_0057,0,same_image_sku_conflict,0.3445472717285156
pair_0032,pa_0032,pb_0032,0,same_image_sku_conflict,0.3444559574127197
pair_0031,pa_0031,pb_0031,0,same_image_sku_conflict,0.340096116065979
pair_0026,pa_0026,pb_0026,0,same_image_sku_conflict,0.33419811725616455
pair_0067,pa_0067,pb_0067,0,same_image_sku_conflict,0.329714834690094
pair_0012,pa_0012,pb_0012,0,same_image_sku_conflict,0.3258209526538849
pair_0061,pa_0061,pb_0061,0,same_image_sku_conflict,0.3223453760147095
pair_0023,pa_0023,pb_0023,0,same_image_sku_conflict,0.3023017644882202
pair_0039,pa_0039,pb_0039,0,same_image_sku_conflict,0.2992694675922394
pair_0073,pa_0073,pb_0073,0,same_image_sku_conflict,0.2950882911682129
pair_0074,pa_0074,pb_0074,0,same_image_sku_conflict,0.29372379183769226
